選手ID,名前,背番号,試合ID,日付,先攻,スコア,後攻,タイトル,カテゴリ,球場,先発,勝数,負数,セーブ,ホールド,QS,アウト数,球数,S数,打者,打数,安打,本塁打,四球,死球,三振,失点,自責点,暴投,ボーク,犠打,犠飛,GO,FO
247,難波 諒成,,22,2025-3-23,ありんこアントス,1-20,豊四季イーグルス／四小合同,練習試合,;;;;;;,柏第四小学校,0,0,0,0,0,0,2,34,9,8,4,2,0,4,0,1,6,5,0,0,0,0,1,0
245,小髙 斗愛,10,22,2025-3-23,ありんこアントス,1-20,豊四季イーグルス／四小合同,練習試合,;;;;;;,柏第四小学校,1,0,1,0,0,0,3,43,15,10,5,2,0,5,0,0,6,5,0,0,0,0,2,1
264,山田 颯真,10,22,2025-3-23,ありんこアントス,1-20,豊四季イーグルス／四小合同,練習試合,;;;;;;,柏第四小学校,0,0,0,0,0,0,1,13,8,5,4,2,0,1,0,0,2,0,0,0,0,0,2,0
247,難波 諒成,,30,2025-3-30,ありんこアントス@A軍,4-11,鰭ヶ崎ジュニアフィンズ,練習試合,;;;;;;,東小学校,0,0,0,0,0,0,1,5,5,3,3,2,0,0,0,0,0,0,0,0,0,0,0,1
245,小髙 斗愛,10,30,2025-3-30,ありんこアントス@A軍,4-11,鰭ヶ崎ジュニアフィンズ,練習試合,;;;;;;,東小学校,0,0,0,0,0,0,2,45,19,8,3,0,0,4,1,0,6,1,1,0,0,0,1,2
264,山田 颯真,10,30,2025-3-30,ありんこアントス@A軍,4-11,鰭ヶ崎ジュニアフィンズ,練習試合,;;;;;;,東小学校,1,0,0,0,0,0,6,38,23,10,9,4,0,1,0,2,3,3,0,0,0,0,1,2
247,難波 諒成,,34,2025-4-5,ありんこアントス@A軍,4-9,流山マリーンズ,練習試合,;;;;;;,東小学校,0,0,0,0,0,0,3,29,10,7,2,0,0,4,0,0,1,1,0,0,1,0,1,0
264,山田 颯真,10,34,2025-4-5,ありんこアントス@A軍,4-9,流山マリーンズ,練習試合,;;;;;;,東小学校,0,0,0,0,0,0,4,41,24,11,8,1,0,2,1,2,3,0,0,0,0,0,5,0
264,山田 颯真,10,35,2025-4-12,南流ファイターズ,18-4,ありんこアントス@A軍,流山市少年野球春季大会,;;;;;;,SF-A面,1,0,1,0,0,0,3,43,28,14,9,5,0,2,0,0,10,0,1,0,3,0,3,1
247,難波 諒成,,42,2025-5-24,ありんこアントス@A軍,0-18,八木南クラブ,富士見橋大会A,;;;;;;,東小学校,0,0,0,0,0,0,3,15,8,5,4,1,0,1,0,1,2,2,0,0,0,0,2,0
245,小髙 斗愛,10,42,2025-5-24,ありんこアントス@A軍,0-18,八木南クラブ,富士見橋大会A,;;;;;;,東小学校,0,0,0,0,0,0,5,61,33,15,12,7,0,3,0,3,8,7,2,0,0,0,1,1
247,難波 諒成,,45,2025-6-1,ありんこアントス@A軍,7-8,前ヶ崎クラブ,関東学童,;;;;;;,,0,0,1,0,0,0,1,26,10,5,2,0,0,3,0,0,4,1,3,0,0,0,2,0
264,山田 颯真,10,45,2025-6-1,ありんこアントス@A軍,7-8,前ヶ崎クラブ,関東学童,;;;;;;,,0,0,0,0,0,0,0,10,4,1,1,1,0,0,0,0,0,0,3,0,0,0,0,0
245,小髙 斗愛,10,45,2025-6-1,ありんこアントス@A軍,7-8,前ヶ崎クラブ,関東学童,;;;;;;,,1,0,0,0,0,0,10,73,41,16,12,1,0,4,0,5,4,2,2,1,0,0,5,1
264,山田 颯真,10,47,2025-6-14,ありんこアントス@A軍,2-30,長崎FLB,富士見橋大会A,;;;;;;,,0,0,0,0,0,0,7,69,28,18,12,5,0,5,1,0,9,3,3,1,0,0,4,3
245,小髙 斗愛,10,47,2025-6-14,ありんこアントス@A軍,2-30,長崎FLB,富士見橋大会A,;;;;;;,,1,0,1,0,0,0,4,67,36,18,15,10,0,2,1,1,13,11,2,0,0,0,1,3
243,浪川 長政,2,47,2025-6-14,ありんこアントス@A軍,2-30,長崎FLB,富士見橋大会A,;;;;;;,,0,0,0,0,0,0,0,15,2,4,2,2,0,2,0,0,4,4,1,0,0,0,0,0
245,小髙 斗愛,10,55,2025-7-5,ありんこアントス@A軍,0-20,向小金ファイターズ,富士見橋大会A,;;;;;;,向小金小学校,1,0,1,0,0,0,6,76,43,20,14,4,0,5,0,2,11,2,1,0,0,1,4,5
247,難波 諒成,,55,2025-7-5,ありんこアントス@A軍,0-20,向小金ファイターズ,富士見橋大会A,;;;;;;,向小金小学校,0,0,0,0,0,0,3,50,27,12,8,4,0,4,0,0,9,4,2,0,0,0,2,2
245,小髙 斗愛,10,58,2025-7-19,ありんこアントス@A軍,2-7,前ヶ崎クラブ,富士見橋大会A,;;;;;;,東小学校,0,0,0,0,0,0,6,35,23,9,9,2,0,0,0,2,2,0,1,0,0,0,3,2
247,難波 諒成,,58,2025-7-19,ありんこアントス@A軍,2-7,前ヶ崎クラブ,富士見橋大会A,;;;;;;,東小学校,1,0,1,0,0,0,9,59,36,15,14,4,1,1,0,3,5,3,1,0,0,0,3,4
264,山田 颯真,10,59,2025-7-21,ありんこアントス@A軍,2-15,リトルキング,練習試合,;;;;;;,我孫子少年野球場B,0,0,0,0,0,0,5,40,28,9,9,3,0,0,0,3,2,1,0,0,0,0,2,1
245,小髙 斗愛,10,59,2025-7-21,ありんこアントス@A軍,2-15,リトルキング,練習試合,;;;;;;,我孫子少年野球場B,1,0,1,0,0,0,7,71,42,21,17,7,0,4,0,1,13,4,5,0,0,0,6,2
264,山田 颯真,10,60,2025-8-2,ありんこアントス@A軍,2-11,西新田クーガーズ,練習試合,;;;;;;,東小学校,0,0,0,0,0,0,6,31,23,9,9,3,0,0,0,3,0,0,1,0,0,0,2,1
245,小髙 斗愛,10,60,2025-8-2,ありんこアントス@A軍,2-11,西新田クーガーズ,練習試合,;;;;;;,東小学校,1,0,1,0,0,0,3,37,19,10,6,2,0,2,2,1,5,4,1,0,0,0,2,0
256,菱沼 颯介,2,60,2025-8-2,ありんこアントス@A軍,2-11,西新田クーガーズ,練習試合,;;;;;;,東小学校,0,0,0,0,0,0,6,42,25,13,12,5,0,1,0,1,6,3,0,0,0,0,3,1
256,菱沼 颯介,2,62,2025-8-17,ありんこアントス@A軍,5-5,中根ヤンキース,練習試合,;;;;;;,宮崎小,0,0,0,0,1,0,3,22,11,5,4,1,0,1,0,1,0,0,0,0,0,0,1,1
264,山田 颯真,10,62,2025-8-17,ありんこアントス@A軍,5-5,中根ヤンキース,練習試合,;;;;;;,宮崎小,0,0,0,0,1,0,6,47,32,15,12,5,0,1,1,5,4,3,0,0,1,0,2,0
245,小髙 斗愛,10,62,2025-8-17,ありんこアントス@A軍,5-5,中根ヤンキース,練習試合,;;;;;;,宮崎小,1,0,0,0,0,0,6,32,20,10,9,1,0,1,0,4,1,0,0,0,0,0,4,0
247,難波 諒成,,63,2025-8-24,流山スターレイズ,4-7,ありんこアントス@A軍,練習試合,;;;;;;,東小学校,0,1,0,0,0,0,6,37,15,10,7,1,0,2,1,0,2,0,0,0,0,0,4,2
245,小髙 斗愛,10,63,2025-8-24,流山スターレイズ,4-7,ありんこアントス@A軍,練習試合,;;;;;;,東小学校,1,0,0,0,0,0,6,52,30,10,9,2,0,1,0,4,2,1,1,0,0,0,0,3
247,難波 諒成,,65,2025-9-6,八木南クラブ,17-0,ありんこアントス@A軍,流山市秋季大会A,;;;;;;,SF少年野球場,0,0,0,0,0,0,0,24,7,5,2,2,0,3,0,0,5,4,0,0,0,0,0,0
245,小髙 斗愛,10,65,2025-9-6,八木南クラブ,17-0,ありんこアントス@A軍,流山市秋季大会A,;;;;;;,SF少年野球場,1,0,1,0,0,0,9,72,38,16,11,3,0,4,0,4,6,6,4,0,0,1,1,4
264,山田 颯真,10,65,2025-9-6,八木南クラブ,17-0,ありんこアントス@A軍,流山市秋季大会A,;;;;;;,SF少年野球場,0,0,0,0,0,0,3,35,14,9,5,1,0,4,0,0,6,2,0,0,0,0,3,1
264,山田 颯真,10,70,2025-11-1,鰭ヶ崎ジュニアフィンズ,11-3,ありんこアントス@A軍,新人戦,;;;;;;,SF-B面,0,0,0,0,0,0,4,24,16,6,4,1,0,0,0,1,2,1,0,0,2,0,2,0
245,小髙 斗愛,10,70,2025-11-1,鰭ヶ崎ジュニアフィンズ,11-3,ありんこアントス@A軍,新人戦,;;;;;;,SF-B面,1,0,1,0,0,0,8,71,42,21,16,8,0,2,1,3,9,3,3,0,1,1,2,4
259,小髙 愛之佑,5,72,2025-11-3,ありんこアントス@A軍,1-3,流山マリーンズ,ミニゲーム,;;;;;;,東谷グラウンド,1,0,1,0,0,0,3,36,17,7,4,1,0,3,0,2,3,2,5,0,0,0,0,1
264,山田 颯真,10,73,2025-11-3,流山マリーンズ,4-1,ありんこアントス@A軍,練習試合,;;;;;;,東谷グラウンド,0,0,0,0,0,0,9,52,31,11,10,1,0,1,0,5,0,0,0,0,0,0,4,0
256,菱沼 颯介,2,73,2025-11-3,流山マリーンズ,4-1,ありんこアントス@A軍,練習試合,;;;;;;,東谷グラウンド,1,0,1,0,0,0,9,43,25,15,14,5,0,1,0,1,4,3,0,0,0,0,4,4
264,山田 颯真,10,76,2025-11-24,ありんこアントス@A軍,6-5,柏南ギャランツ,カリフ・マルエス大会,;;;;;;,東小学校,0,0,0,0,0,0,3,20,13,5,4,0,0,1,0,1,1,1,0,0,0,0,3,0
256,菱沼 颯介,2,76,2025-11-24,ありんこアントス@A軍,6-5,柏南ギャランツ,カリフ・マルエス大会,;;;;;;,東小学校,0,1,0,0,0,0,6,44,30,10,9,2,0,1,0,4,2,0,1,0,0,0,2,1
245,小髙 斗愛,10,76,2025-11-24,ありんこアントス@A軍,6-5,柏南ギャランツ,カリフ・マルエス大会,;;;;;;,東小学校,1,0,0,0,0,0,6,43,25,10,8,2,0,2,0,4,2,2,0,0,0,0,2,0
243,浪川 長政,2,82,2025-11-30,ありんこアントス@A軍,5-6,柏トライ,練習試合,;;;;;;,東小学校,1,0,0,0,0,0,6,32,20,7,7,1,0,0,0,1,0,0,0,0,0,0,5,0
256,菱沼 颯介,2,82,2025-11-30,ありんこアントス@A軍,5-6,柏トライ,練習試合,;;;;;;,東小学校,0,0,1,0,0,0,4,37,18,10,6,1,0,2,1,1,2,1,1,0,0,0,2,2
245,小髙 斗愛,10,82,2025-11-30,ありんこアントス@A軍,5-6,柏トライ,練習試合,;;;;;;,東小学校,0,0,0,0,0,0,3,25,19,9,8,4,0,0,1,1,3,0,0,0,0,0,3,0
264,山田 颯真,10,83,2025-12-7,ありんこアントス@A軍,6-14,小金原ビクトリー,カリフ・マルエス大会,;;;;;;,貝の花小学校,1,0,1,0,0,0,6,52,35,12,11,7,0,1,0,0,4,4,0,0,0,0,3,1
256,菱沼 颯介,2,83,2025-12-7,ありんこアントス@A軍,6-14,小金原ビクトリー,カリフ・マルエス大会,;;;;;;,貝の花小学校,0,0,0,0,0,0,3,24,15,6,5,2,0,0,1,0,2,2,1,0,0,0,3,0
245,小髙 斗愛,10,83,2025-12-7,ありんこアントス@A軍,6-14,小金原ビクトリー,カリフ・マルエス大会,;;;;;;,貝の花小学校,0,0,0,0,0,0,3,24,15,7,6,2,0,1,0,0,4,3,0,0,0,0,4,0
243,浪川 長政,2,83,2025-12-7,ありんこアントス@A軍,6-14,小金原ビクトリー,カリフ・マルエス大会,;;;;;;,貝の花小学校,0,0,0,0,0,0,3,26,13,7,4,2,0,3,0,1,4,3,2,0,0,0,1,0
256,菱沼 颯介,2,87,2026-1-11,ビクトリージャガーズ,15-0,ありんこアントス@A軍,カリフ・マルエス大会,;;;;;;,,0,0,0,0,0,0,1,22,13,8,7,6,0,1,0,0,5,4,0,0,0,0,1,0
264,山田 颯真,10,87,2026-1-11,ビクトリージャガーズ,15-0,ありんこアントス@A軍,カリフ・マルエス大会,;;;;;;,,0,0,0,0,0,0,8,38,23,13,12,6,0,1,0,3,4,3,3,0,0,0,2,0
245,小髙 斗愛,10,87,2026-1-11,ビクトリージャガーズ,15-0,ありんこアントス@A軍,カリフ・マルエス大会,;;;;;;,,1,0,1,0,0,0,6,59,29,16,12,4,1,3,1,2,6,3,0,0,0,0,5,0
264,山田 颯真,10,88,2026-1-12,ありんこアントス@A軍,6-5,野田ジャ,カリフ・マルエス大会,;;;;;;,尾崎小学校,1,0,0,0,0,0,6,45,32,9,9,2,0,0,0,2,0,0,0,0,0,0,3,2
256,菱沼 颯介,2,88,2026-1-12,ありんこアントス@A軍,6-5,野田ジャ,カリフ・マルエス大会,;;;;;;,尾崎小学校,0,1,0,0,0,0,6,49,26,13,8,3,0,3,1,1,3,1,1,0,1,0,4,0
245,小髙 斗愛,10,88,2026-1-12,ありんこアントス@A軍,6-5,野田ジャ,カリフ・マルエス大会,;;;;;;,尾崎小学校,0,0,0,1,0,0,3,23,12,4,3,0,0,1,0,1,1,1,0,0,0,0,1,1
256,菱沼 颯介,2,89,2026-2-1,小田急ライオンズ,12-3,ありんこアントス@A軍,練習試合,;;;;;;,流山北高,0,0,0,0,0,0,6,47,24,13,10,4,0,3,0,1,5,3,0,0,0,0,4,1
245,小髙 斗愛,10,89,2026-2-1,小田急ライオンズ,12-3,ありんこアントス@A軍,練習試合,;;;;;;,流山北高,0,0,0,0,0,0,3,23,11,6,5,2,0,1,0,1,2,1,0,0,0,0,2,0
264,山田 颯真,10,89,2026-2-1,小田急ライオンズ,12-3,ありんこアントス@A軍,練習試合,;;;;;;,流山北高,1,0,1,0,0,0,9,63,36,18,15,4,0,3,0,2,5,2,1,0,0,0,9,0
256,菱沼 颯介,2,92,2026-2-22,ありんこアントス@A軍,15-2,サンスパッツ,練習試合,;;;;;;,東小学校,0,0,0,0,0,0,6,43,22,9,7,2,0,2,0,4,1,1,0,0,0,0,0,1
264,山田 颯真,10,92,2026-2-22,ありんこアントス@A軍,15-2,サンスパッツ,練習試合,;;;;;;,東小学校,0,0,0,0,0,0,3,17,10,4,4,1,0,0,0,3,0,0,0,0,0,0,0,0
245,小髙 斗愛,10,92,2026-2-22,ありんこアントス@A軍,15-2,サンスパッツ,練習試合,;;;;;;,東小学校,1,1,0,0,0,0,6,26,17,7,7,1,0,0,0,2,1,0,0,0,0,0,4,0
264,山田 颯真,10,97,2026-3-8,八木南クラブ,17-3,ありんこアントス@A軍,富士見橋大会A,;;;;;;,八木南小,1,0,1,0,0,0,9,59,34,15,10,4,0,3,0,0,5,3,2,0,1,1,5,2
245,小髙 斗愛,10,97,2026-3-8,八木南クラブ,17-3,ありんこアントス@A軍,富士見橋大会A,;;;;;;,八木南小,0,0,0,0,0,0,3,34,19,9,7,3,0,2,0,0,5,3,0,0,0,0,4,0
256,菱沼 颯介,2,97,2026-3-8,八木南クラブ,17-3,ありんこアントス@A軍,富士見橋大会A,;;;;;;,八木南小,0,0,0,0,0,0,3,39,21,10,9,3,0,1,0,1,7,0,1,0,0,0,3,2
264,山田 颯真,10,102,2026-3-15,ありんこアントス@A軍,3-8,長崎FLB,富士見橋大会A,;;;;;;,長崎小学校,0,0,0,0,0,0,6,34,20,10,8,3,0,1,0,0,4,3,1,1,1,0,3,2
256,菱沼 颯介,2,102,2026-3-15,ありんこアントス@A軍,3-8,長崎FLB,富士見橋大会A,;;;;;;,長崎小学校,0,0,0,0,0,0,3,20,10,3,2,0,0,1,0,0,0,0,0,0,0,0,0,2
245,小髙 斗愛,10,102,2026-3-15,ありんこアントス@A軍,3-8,長崎FLB,富士見橋大会A,;;;;;;,長崎小学校,1,0,1,0,0,0,9,69,41,17,15,3,0,2,0,2,4,2,1,0,0,0,4,6
259,小髙 愛之佑,5,105,2026-3-22,前ヶ崎クラブ,9-4,ありんこアントス@A軍,ミニゲーム,;;;;;;,,0,0,1,0,0,0,0,23,8,6,3,1,0,3,0,0,6,0,1,0,0,0,2,0
264,山田 颯真,10,105,2026-3-22,前ヶ崎クラブ,9-4,ありんこアントス@A軍,ミニゲーム,;;;;;;,,1,0,0,0,1,0,9,42,25,15,14,4,0,1,0,3,3,1,2,0,0,0,4,3
256,菱沼 颯介,2,107,2026-3-22,ありんこアントス@A軍,4-9,前ヶ崎クラブ,富士見橋大会A,;;;;;;,前ヶ崎グラウンド,1,0,1,0,0,0,5,75,28,17,7,1,0,8,1,1,7,2,1,0,1,0,4,1
245,小髙 斗愛,10,107,2026-3-22,ありんこアントス@A軍,4-9,前ヶ崎クラブ,富士見橋大会A,;;;;;;,前ヶ崎グラウンド,0,0,0,0,0,0,7,33,20,10,10,2,0,0,0,2,2,1,0,0,0,0,4,2
264,山田 颯真,10,108,2026-4-5,ありんこアントス@A軍,4-13,流山マリーンズ,練習試合,;;;;;;,東谷グラウンド,0,0,0,0,0,0,7,68,37,15,10,4,0,4,0,2,5,3,2,0,0,1,4,1
243,浪川 長政,2,108,2026-4-5,ありんこアントス@A軍,4-13,流山マリーンズ,練習試合,;;;;;;,東谷グラウンド,0,0,0,0,0,0,3,21,12,6,5,2,0,1,0,3,0,0,0,0,0,0,0,0
245,小髙 斗愛,10,108,2026-4-5,ありんこアントス@A軍,4-13,流山マリーンズ,練習試合,;;;;;;,東谷グラウンド,1,0,1,0,0,0,2,32,14,10,6,4,0,3,0,0,8,0,4,0,1,0,1,1
256,菱沼 颯介,2,109,2026-4-5,流山マリーンズ,7-7,ありんこアントス@A軍,ミニゲーム,;;;;;;,東谷グラウンド,1,0,0,0,0,0,9,70,38,19,14,4,0,4,1,4,7,1,0,0,0,0,2,3
264,山田 颯真,10,110,2026-4-12,ありんこアントス@A軍,6-8,江戸川台フェニックス,春季大会,;;;;;;,,1,0,1,0,0,0,12,53,33,18,18,7,0,0,0,3,5,5,1,0,0,0,6,2
245,小髙 斗愛,10,110,2026-4-12,ありんこアントス@A軍,6-8,江戸川台フェニックス,春季大会,;;;;;;,,0,0,0,0,0,0,3,28,16,6,6,1,0,0,0,1,3,1,1,0,0,0,4,0
264,山田 颯真,10,116,2026-4-19,ありんこアントス@A軍,13-8,流山マリーンズ,フレンドリーマッチ,;;;;;;,SF-A面,1,0,0,0,0,0,9,55,31,14,13,4,0,1,0,3,4,3,0,0,0,0,6,0
256,菱沼 颯介,2,116,2026-4-19,ありんこアントス@A軍,13-8,流山マリーンズ,フレンドリーマッチ,;;;;;;,SF-A面,0,1,0,0,0,0,9,49,27,13,11,2,1,1,1,2,2,1,1,0,0,0,4,3
245,小髙 斗愛,10,116,2026-4-19,ありんこアントス@A軍,13-8,流山マリーンズ,フレンドリーマッチ,;;;;;;,SF-A面,0,0,0,0,0,0,3,18,11,5,5,1,0,0,0,1,2,0,1,0,0,0,0,3
260,浅野 泰地,6,120,2026-5-3,ありんこアントス@A軍,4-13,初石クーガーズ,練習試合,;;;;;;,西初石中学校,0,0,0,0,0,0,3,21,9,7,4,1,0,2,0,0,3,0,2,0,1,0,1,2
258,小野 暁人,3,120,2026-5-3,ありんこアントス@A軍,4-13,初石クーガーズ,練習試合,;;;;;;,西初石中学校,0,0,0,0,0,0,2,21,11,6,3,2,0,1,1,0,4,4,0,0,0,1,1,1
256,菱沼 颯介,2,120,2026-5-3,ありんこアントス@A軍,4-13,初石クーガーズ,練習試合,;;;;;;,西初石中学校,1,0,1,0,0,0,10,72,43,21,15,7,0,4,0,3,6,2,1,0,2,0,3,2
259,小髙 愛之佑,5,125,2026-5-23,流山シャークス,6-7,ありんこアントス@A軍,練習試合,;;;;;;,学園G,0,1,0,0,0,0,4,23,13,5,3,0,0,2,0,1,0,0,0,0,0,0,0,2
256,菱沼 颯介,2,125,2026-5-23,流山シャークス,6-7,ありんこアントス@A軍,練習試合,;;;;;;,学園G,1,0,0,0,0,0,11,88,51,20,17,7,0,3,0,5,6,3,0,0,0,0,3,2
